"dist.21.June.radians","subunit","sin.dist.21.June","cos.dist.21.June","predicted.sp.rich","predicted.sp.rich.se"
0,"Carmel",0,1,1.5169718437671171,0.14849185362525338
0,"Galilee",0,1,0.8541845828553445,0.10636142588615095
0,"Judean Highlands",0,1,1.1643549440833214,0.13456672777258122
