"agriculture","mean.dist.to.agr","min.dist.to.agr","max.dist.to.agr","no.of.plots"
"Far",1972.0991724917762,977.88037109375,3330.54052734375,19
"Near",111.82765070597331,70.71067810058594,175,6
