"site","dist.21.June.radians","dist.noon.radians","subunit","sin.dist.21.June","cos.dist.21.June","sin.dist.noon","predicted.abnd","predicted.abnd.se"
NA,0,-0.06981317007977318,"Judean Highlands",0,1,-0.0697564737441253,1.0587327492247336,0.23570232222290513
NA,0,-0.06981317007977318,"Carmel",0,1,-0.0697564737441253,2.155556427950209,0.4308441987013951
NA,0,-0.06981317007977318,"Galilee",0,1,-0.0697564737441253,1.0042984911086676,0.22433295014632235
